﻿{"paragraphs":[{"text":"%md\r\n### Let's make sure Spark is working first!\r\nLet's see what version we're working with.","user":"anonymous","dateUpdated":"2018-05-08T09:56:00+0000","config":{"colWidth":12,"enabled":true,"results":{},"editorSetting":{"language":"markdown","editOnDblClick":true},"editorMode":"ace/mode/markdown","editorHide":true,"tableHide":false},"settings":{"params":{},"forms":{}},"results":{"code":"SUCCESS","msg":[{"type":"HTML","data":"<div class=\"markdown-body\">\n<h3>Let&rsquo;s make sure Spark is working first!</h3>\n<p>Let&rsquo;s see what version we&rsquo;re working with.</p>\n</div>"}]},"apps":[],"jobName":"paragraph_1525773296172_-1113985920","id":"20180508-095456_545390076","dateCreated":"2018-05-08T09:54:56+0000","dateStarted":"2018-05-08T09:56:00+0000","dateFinished":"2018-05-08T09:56:04+0000","status":"FINISHED","progressUpdateIntervalMs":500,"focus":true,"$$hashKey":"object:141"},{"text":"sc.version","user":"anonymous","dateUpdated":"2018-05-08T10:08:08+0000","config":{"colWidth":12,"enabled":true,"results":{},"editorSetting":{"language":"scala"},"editorMode":"ace/mode/scala"},"settings":{"params":{},"forms":{}},"results":{"code":"SUCCESS","msg":[{"type":"TEXT","data":"res3: String = 2.2.0.2.6.3.0-235\n"}]},"apps":[],"jobName":"paragraph_1525773467730_-1716809181","id":"20180508-095747_1419397000","dateCreated":"2018-05-08T09:57:47+0000","dateStarted":"2018-05-08T10:08:08+0000","dateFinished":"2018-05-08T10:08:08+0000","status":"FINISHED","progressUpdateIntervalMs":500,"$$hashKey":"object:142"},{"text":"%sh\r\n\r\n# I copied another file as u.data inside temp as u.data as the downloaded file is u.data? with \\r making the file not readable by Zeppelin\r\nwget http://media.sundog-soft.com/hadoop/ml-100k/u.data -O /tmp/u.data\r\nwget http://media.sundog-soft.com/hadoop/ml-100k/u.item -O /tmp/u.item\r\necho \"Downloaded!\"","user":"anonymous","dateUpdated":"2018-05-08T10:29:39+0000","config":{"colWidth":12,"enabled":true,"results":{},"editorSetting":{"language":"sh","editOnDblClick":false},"editorMode":"ace/mode/sh"},"settings":{"params":{},"forms":{}},"results":{"code":"SUCCESS","msg":[{"type":"TEXT","data":"--2018-05-08 10:29:39--  http://media.sundog-soft.com/hadoop/ml-100k/u.data\nResolving media.sundog-soft.com... 52.216.101.19\nConnecting to media.sundog-soft.com|52.216.101.19|:80... connected.\nHTTP request sent, awaiting response... 200 OK\nLength: 2079229 (2.0M) [application/octet-stream]\nSaving to: “/tmp/u.data\\r”\n\n     0K .......... .......... .......... .......... ..........  2% 44.8K 44s\n    50K .......... .......... .......... .......... ..........  4% 97.5K 31s\n   100K .......... .......... .......... .......... ..........  7%  194K 24s\n   150K .......... .......... .......... .......... ..........  9%  221K 19s\n   200K .......... .......... .......... .......... .......... 12%  195K 17s\n   250K .......... .......... .......... .......... .......... 14%  221K 15s\n   300K .......... .......... .......... .......... .......... 17%  884K 13s\n   350K .......... .......... .......... .......... .......... 19%  217K 12s\n   400K .......... .......... .......... .......... .......... 22% 1.78M 10s\n   450K .......... .......... .......... .......... .......... 24% 2.58M 9s\n   500K .......... .......... .......... .......... .......... 27%  228K 8s\n   550K .......... .......... .......... .......... .......... 29% 2.37M 8s\n   600K .......... .......... .......... .......... .......... 32% 2.26M 7s\n   650K .......... .......... .......... .......... .......... 34%  269K 6s\n   700K .......... .......... .......... .......... .......... 36% 1.28M 6s\n   750K .......... .......... .......... .......... .......... 39% 3.11M 5s\n   800K .......... .......... .......... .......... .......... 41% 1.55M 5s\n   850K .......... .......... .......... .......... .......... 44% 17.7M 4s\n   900K .......... .......... .......... .......... .......... 46%  296K 4s\n   950K .......... .......... .......... .......... .......... 49% 1.22M 4s\n  1000K .......... .......... .......... .......... .......... 51% 3.27M 3s\n  1050K .......... .......... .......... .......... .......... 54% 3.76M 3s\n  1100K .......... .......... .......... .......... .......... 56% 1.18M 3s\n  1150K .......... .......... .......... .......... .......... 59% 5.15M 3s\n  1200K .......... .......... .......... .......... .......... 61%  364K 2s\n  1250K .......... .......... .......... .......... .......... 64% 3.17M 2s\n  1300K .......... .......... .......... .......... .......... 66% 1.19M 2s\n  1350K .......... .......... .......... .......... .......... 68% 2.09M 2s\n  1400K .......... .......... .......... .......... .......... 71% 6.06M 2s\n  1450K .......... .......... .......... .......... .......... 73% 2.13M 1s\n  1500K .......... .......... .......... .......... .......... 76% 4.95M 1s\n  1550K .......... .......... .......... .......... .......... 78% 4.64M 1s\n  1600K .......... .......... .......... .......... .......... 81% 3.89M 1s\n  1650K .......... .......... .......... .......... .......... 83%  377K 1s\n  1700K .......... .......... .......... .......... .......... 86% 26.1M 1s\n  1750K .......... .......... .......... .......... .......... 88% 1.75M 1s\n  1800K .......... .......... .......... .......... .......... 91% 1.51M 0s\n  1850K .......... .......... .......... .......... .......... 93% 3.64M 0s\n  1900K .......... .......... .......... .......... .......... 96% 5.43M 0s\n  1950K .......... .......... .......... .......... .......... 98% 3.17M 0s\n  2000K .......... .......... ..........                      100% 6.61M=4.3s\n\n2018-05-08 10:29:44 (476 KB/s) - “/tmp/u.data\\r” saved [2079229/2079229]\n\n--2018-05-08 10:29:44--  http://media.sundog-soft.com/hadoop/ml-100k/u.item\nResolving media.sundog-soft.com... 54.231.121.67\nConnecting to media.sundog-soft.com|54.231.121.67|:80... connected.\nHTTP request sent, awaiting response... 200 OK\nLength: 236344 (231K) [application/octet-stream]\nSaving to: “/tmp/u.item\\r”\n\n     0K .......... .......... .......... .......... .......... 21% 43.0K 4s\n    50K .......... .......... .......... .......... .......... 43%  107K 2s\n   100K .......... .......... .......... .......... .......... 64%  210K 1s\n   150K .......... .......... .......... .......... .......... 86%  212K 0s\n   200K .......... .......... ..........                      100%  142K=2.3s\n\n2018-05-08 10:29:46 (99.4 KB/s) - “/tmp/u.item\\r” saved [236344/236344]\n\nDownloaded!\n"}]},"apps":[],"jobName":"paragraph_1525773807358_887610318","id":"20180508-100327_134956017","dateCreated":"2018-05-08T10:03:27+0000","dateStarted":"2018-05-08T10:29:39+0000","dateFinished":"2018-05-08T10:29:46+0000","status":"FINISHED","progressUpdateIntervalMs":500,"$$hashKey":"object:143"},{"text":"%sh \n\nhadoop fs -rm -r -f /tmp/ml-100k\n\nhadoop fs -mkdir /tmp/ml-100k\n\nhadoop fs -put /tmp/u.data /tmp/ml-100k/\nhadoop fs -put /tmp/u.item /tmp/ml-100k/\n","user":"anonymous","dateUpdated":"2018-05-08T10:28:55+0000","config":{"colWidth":12,"enabled":true,"results":{},"editorSetting":{"language":"sh","editOnDblClick":false},"editorMode":"ace/mode/sh"},"settings":{"params":{},"forms":{}},"results":{"code":"SUCCESS","msg":[{"type":"TEXT","data":"18/05/08 10:28:58 INFO fs.TrashPolicyDefault: Moved: 'hdfs://sandbox-hdp.hortonworks.com:8020/tmp/ml-100k' to trash at: hdfs://sandbox-hdp.hortonworks.com:8020/user/root/.Trash/Current/tmp/ml-100k1525775338679\n"}]},"apps":[],"jobName":"paragraph_1525774130621_-990873374","id":"20180508-100850_1729462710","dateCreated":"2018-05-08T10:08:50+0000","dateStarted":"2018-05-08T10:28:55+0000","dateFinished":"2018-05-08T10:29:10+0000","status":"FINISHED","progressUpdateIntervalMs":500,"$$hashKey":"object:144"},{"text":"final case class Rating(movieID: Int, rating: Int)\n\nval lines = sc.textFile(\"hdfs:///tmp/ml-100k/u.data\").map(x => {val fields = x.split(\"\\t\"); Rating(fields(1).toInt, fields(2).toInt)})\n","user":"anonymous","dateUpdated":"2018-05-08T10:30:06+0000","config":{"colWidth":12,"enabled":true,"results":{},"editorSetting":{"language":"scala","editOnDblClick":false},"editorMode":"ace/mode/scala"},"settings":{"params":{},"forms":{}},"results":{"code":"SUCCESS","msg":[{"type":"TEXT","data":"warning: there was one unchecked warning; re-run with -unchecked for details\ndefined class Rating\nlines: org.apache.spark.rdd.RDD[Rating] = MapPartitionsRDD[11] at map at <console>:35\n"}]},"apps":[],"jobName":"paragraph_1525774153692_1441555145","id":"20180508-100913_1921165114","dateCreated":"2018-05-08T10:09:13+0000","dateStarted":"2018-05-08T10:30:06+0000","dateFinished":"2018-05-08T10:30:08+0000","status":"FINISHED","progressUpdateIntervalMs":500,"$$hashKey":"object:145"},{"text":"import sqlContext.implicits._\r\nval ratingsDF = lines.toDF()\r\n\r\nratingsDF.printSchema()\r\n","user":"anonymous","dateUpdated":"2018-05-08T10:30:10+0000","config":{"colWidth":12,"enabled":true,"results":{},"editorSetting":{"language":"scala"},"editorMode":"ace/mode/scala"},"settings":{"params":{},"forms":{}},"results":{"code":"SUCCESS","msg":[{"type":"TEXT","data":"import sqlContext.implicits._\nratingsDF: org.apache.spark.sql.DataFrame = [movieID: int, rating: int]\nroot\n |-- movieID: integer (nullable = false)\n |-- rating: integer (nullable = false)\n\n"}]},"apps":[],"jobName":"paragraph_1525774225662_1400896000","id":"20180508-101025_281274109","dateCreated":"2018-05-08T10:10:25+0000","dateStarted":"2018-05-08T10:30:11+0000","dateFinished":"2018-05-08T10:30:13+0000","status":"FINISHED","progressUpdateIntervalMs":500,"$$hashKey":"object:146"},{"text":"val topMovieIDs = ratingsDF.groupBy(\"movieID\").count().orderBy(desc(\"count\")).cache()\n\ntopMovieIDs.show()","user":"anonymous","dateUpdated":"2018-05-08T11:16:07+0000","config":{"colWidth":12,"enabled":true,"results":{},"editorSetting":{"language":"scala"},"editorMode":"ace/mode/scala"},"settings":{"params":{},"forms":{}},"results":{"code":"SUCCESS","msg":[{"type":"TEXT","data":"topMovieIDs: org.apache.spark.sql.Dataset[org.apache.spark.sql.Row] = [movieID: int, count: bigint]\n+-------+-----+\n|movieID|count|\n+-------+-----+\n|     50|  584|\n|    258|  509|\n|    100|  508|\n|    181|  507|\n|    294|  485|\n|    286|  481|\n|    288|  478|\n|      1|  452|\n|    300|  431|\n|    121|  429|\n|    174|  420|\n|    127|  413|\n|     56|  394|\n|      7|  392|\n|     98|  390|\n|    237|  384|\n|    117|  378|\n|    172|  368|\n|    222|  365|\n|    204|  350|\n+-------+-----+\nonly showing top 20 rows\n\n"}]},"apps":[],"jobName":"paragraph_1525774246745_-1175736736","id":"20180508-101046_1181638106","dateCreated":"2018-05-08T10:10:46+0000","dateStarted":"2018-05-08T11:16:07+0000","dateFinished":"2018-05-08T11:16:12+0000","status":"FINISHED","progressUpdateIntervalMs":500,"$$hashKey":"object:147"},{"text":"ratingsDF.registerTempTable(\"ratings\")","user":"anonymous","dateUpdated":"2018-05-08T10:30:45+0000","config":{"colWidth":12,"enabled":true,"results":{},"editorSetting":{"language":"scala"},"editorMode":"ace/mode/scala"},"settings":{"params":{},"forms":{}},"results":{"code":"SUCCESS","msg":[{"type":"TEXT","data":"warning: there was one deprecation warning; re-run with -deprecation for details\n"}]},"apps":[],"jobName":"paragraph_1525774266426_-1496601995","id":"20180508-101106_307388029","dateCreated":"2018-05-08T10:11:06+0000","dateStarted":"2018-05-08T10:30:45+0000","dateFinished":"2018-05-08T10:30:46+0000","status":"FINISHED","progressUpdateIntervalMs":500,"$$hashKey":"object:148"},{"text":"%sql\r\n\r\nSELECT * FROM ratings LIMIT 10","user":"anonymous","dateUpdated":"2018-05-08T10:34:27+0000","config":{"colWidth":12,"enabled":true,"results":{"0":{"graph":{"mode":"table","height":300,"optionOpen":false,"setting":{"stackedAreaChart":{"style":"stream"}},"commonSetting":{},"keys":[{"name":"movieID","index":0,"aggr":"sum"}],"groups":[],"values":[{"name":"rating","index":1,"aggr":"sum"}]},"helium":{}}},"editorSetting":{"language":"sql"},"editorMode":"ace/mode/sql"},"settings":{"params":{},"forms":{}},"results":{"code":"SUCCESS","msg":[{"type":"TABLE","data":"movieID\trating\n50\t5\n172\t5\n133\t1\n242\t3\n302\t3\n377\t1\n51\t2\n346\t1\n474\t4\n265\t2\n"}]},"apps":[],"jobName":"paragraph_1525775445414_1659364585","id":"20180508-103045_1710985257","dateCreated":"2018-05-08T10:30:45+0000","dateStarted":"2018-05-08T10:30:55+0000","dateFinished":"2018-05-08T10:30:55+0000","status":"FINISHED","progressUpdateIntervalMs":500,"$$hashKey":"object:149"},{"text":"%sql\n\nSELECT rating, COUNT(*) as count FROM ratings GROUP BY rating\n","user":"anonymous","dateUpdated":"2018-05-08T11:18:00+0000","config":{"colWidth":12,"enabled":true,"results":{},"editorSetting":{"language":"sql","editOnDblClick":false},"editorMode":"ace/mode/sql"},"settings":{"params":{},"forms":{}},"apps":[],"jobName":"paragraph_1525775454605_-302470056","id":"20180508-103054_286085198","dateCreated":"2018-05-08T10:30:54+0000","status":"FINISHED","progressUpdateIntervalMs":500,"$$hashKey":"object:150","dateFinished":"2018-05-08T11:18:02+0000","dateStarted":"2018-05-08T11:18:00+0000","results":{"code":"SUCCESS","msg":[{"type":"TABLE","data":"rating\tcount\n1\t6111\n3\t27145\n5\t21203\n4\t34174\n2\t11370\n"}]}},{"text":"final case class Movie(movieID: Int, title: String)\n\nval lines = sc.textFile(\"hdfs:///tmp/ml-100k/u.item\").map(x => {val fields = x.split('|'); Movie(fields(0).toInt, fields(1))})\n\nimport sqlContext.implicits._\nval moviesDF = lines.toDF()\n\nmoviesDF.show()\n","user":"anonymous","dateUpdated":"2018-05-08T11:21:34+0000","config":{"colWidth":12,"enabled":true,"results":{},"editorSetting":{"language":"scala","editOnDblClick":false},"editorMode":"ace/mode/scala"},"settings":{"params":{},"forms":{}},"apps":[],"jobName":"paragraph_1525778280310_-1990337766","id":"20180508-111800_1588213137","dateCreated":"2018-05-08T11:18:00+0000","status":"FINISHED","progressUpdateIntervalMs":500,"focus":true,"$$hashKey":"object:1067","dateFinished":"2018-05-08T11:21:40+0000","dateStarted":"2018-05-08T11:21:35+0000","results":{"code":"SUCCESS","msg":[{"type":"TEXT","data":"warning: there was one unchecked warning; re-run with -unchecked for details\ndefined class Movie\nlines: org.apache.spark.rdd.RDD[Movie] = MapPartitionsRDD[39] at map at <console>:38\nimport sqlContext.implicits._\nmoviesDF: org.apache.spark.sql.DataFrame = [movieID: int, title: string]\n+-------+--------------------+\n|movieID|               title|\n+-------+--------------------+\n|      1|    Toy Story (1995)|\n|      2|    GoldenEye (1995)|\n|      3|   Four Rooms (1995)|\n|      4|   Get Shorty (1995)|\n|      5|      Copycat (1995)|\n|      6|Shanghai Triad (Y...|\n|      7|Twelve Monkeys (1...|\n|      8|         Babe (1995)|\n|      9|Dead Man Walking ...|\n|     10|  Richard III (1995)|\n|     11|Seven (Se7en) (1995)|\n|     12|Usual Suspects, T...|\n|     13|Mighty Aphrodite ...|\n|     14|  Postino, Il (1994)|\n|     15|Mr. Holland's Opu...|\n|     16|French Twist (Gaz...|\n|     17|From Dusk Till Da...|\n|     18|White Balloon, Th...|\n|     19|Antonia's Line (1...|\n|     20|Angels and Insect...|\n+-------+--------------------+\nonly showing top 20 rows\n\n"}]}},{"user":"anonymous","config":{"colWidth":12,"enabled":true,"results":{},"editorSetting":{"language":"scala"},"editorMode":"ace/mode/scala"},"settings":{"params":{},"forms":{}},"apps":[],"jobName":"paragraph_1525778494987_-1616070676","id":"20180508-112134_246125340","dateCreated":"2018-05-08T11:21:34+0000","status":"FINISHED","progressUpdateIntervalMs":500,"focus":true,"$$hashKey":"object:1212","text":"moviesDF.registerTempTable(\"titles\")","dateUpdated":"2018-05-08T11:22:26+0000","dateFinished":"2018-05-08T11:22:27+0000","dateStarted":"2018-05-08T11:22:26+0000","results":{"code":"SUCCESS","msg":[{"type":"TEXT","data":"warning: there was one deprecation warning; re-run with -deprecation for details\n"}]}},{"user":"anonymous","config":{"colWidth":12,"enabled":true,"results":{"0":{"graph":{"mode":"multiBarChart","height":300,"optionOpen":false},"helium":{}}},"editorSetting":{"language":"sql"},"editorMode":"ace/mode/sql"},"settings":{"params":{},"forms":{}},"apps":[],"jobName":"paragraph_1525778546097_2076441139","id":"20180508-112226_291544146","dateCreated":"2018-05-08T11:22:26+0000","status":"FINISHED","progressUpdateIntervalMs":500,"focus":true,"$$hashKey":"object:1293","text":"%sql\r\n\r\nSELECT t.title, count(*) cnt FROM ratings r JOIN titles t ON r.movieID = t.movieID GROUP BY t.title ORDER BY cnt DESC","dateUpdated":"2018-05-08T11:25:41+0000","dateFinished":"2018-05-08T11:25:08+0000","dateStarted":"2018-05-08T11:25:02+0000","results":{"code":"SUCCESS","msg":[{"type":"TABLE","data":"title\tcnt\nStar Wars (1977)\t584\nContact (1997)\t509\nFargo (1996)\t508\nReturn of the Jedi (1983)\t507\nLiar Liar (1997)\t485\nEnglish Patient, The (1996)\t481\nScream (1996)\t478\nToy Story (1995)\t452\nAir Force One (1997)\t431\nIndependence Day (ID4) (1996)\t429\nRaiders of the Lost Ark (1981)\t420\nGodfather, The (1972)\t413\nPulp Fiction (1994)\t394\nTwelve Monkeys (1995)\t392\nSilence of the Lambs, The (1991)\t390\nJerry Maguire (1996)\t384\nChasing Amy (1997)\t379\nRock, The (1996)\t378\nEmpire Strikes Back, The (1980)\t368\nStar Trek: First Contact (1996)\t365\nBack to the Future (1985)\t350\nTitanic (1997)\t350\nMission: Impossible (1996)\t344\nFugitive, The (1993)\t336\nIndiana Jones and the Last Crusade (1989)\t331\nWilly Wonka and the Chocolate Factory (1971)\t326\nPrincess Bride, The (1987)\t324\nForrest Gump (1994)\t321\nSaint, The (1997)\t316\nMonty Python and the Holy Grail (1974)\t316\nFull Monty, The (1997)\t315\nMen in Black (1997)\t303\nTerminator, The (1984)\t301\nE.T. the Extra-Terrestrial (1982)\t300\nDead Man Walking (1995)\t299\nLeaving Las Vegas (1995)\t298\nSchindler's List (1993)\t298\nL.A. Confidential (1997)\t297\nBraveheart (1995)\t297\nTerminator 2: Judgment Day (1991)\t295\nConspiracy Theory (1997)\t295\nMr. Holland's Opus (1995)\t293\nTwister (1996)\t293\nBirdcage, The (1996)\t293\nAlien (1979)\t291\nWhen Harry Met Sally... (1989)\t290\nAliens (1986)\t284\nShawshank Redemption, The (1994)\t283\nGroundhog Day (1993)\t280\nJaws (1975)\t280\nAmadeus (1984)\t276\nApollo 13 (1995)\t276\nBlade Runner (1982)\t275\nTruth About Cats & Dogs, The (1996)\t272\nSense and Sensibility (1995)\t268\nUsual Suspects, The (1995)\t267\nRansom (1996)\t267\nOne Flew Over the Cuckoo's Nest (1975)\t264\nJurassic Park (1993)\t261\nEvita (1996)\t259\n2001: A Space Odyssey (1968)\t259\nDances with Wolves (1990)\t256\nRaising Arizona (1987)\t256\nBroken Arrow (1996)\t254\nBlues Brothers, The (1980)\t251\nFour Weddings and a Funeral (1994)\t251\nDead Poets Society (1989)\t251\nGame, The (1997)\t251\nTrainspotting (1996)\t250\nFish Called Wanda, A (1988)\t247\nWizard of Oz, The (1939)\t246\nPhenomenon (1996)\t244\nStar Trek: The Wrath of Khan (1982)\t244\nDie Hard (1988)\t243\nCasablanca (1942)\t243\nSting, The (1973)\t241\nDevil's Own, The (1997)\t240\nDante's Peak (1997)\t240\nGraduate, The (1967)\t239\nPsycho (1960)\t239\nSeven (Se7en) (1995)\t236\nTime to Kill, A (1996)\t232\nIt's a Wonderful Life (1946)\t231\nIn & Out (1997)\t230\nSpeed (1994)\t230\nHunt for Red October, The (1990)\t227\nStand by Me (1986)\t227\nGoodFellas (1990)\t226\nHeat (1995)\t223\nSound of Music, The (1965)\t222\nCourage Under Fire (1996)\t221\nClockwork Orange, A (1971)\t221\nApocalypse Now (1979)\t221\nTop Gun (1986)\t220\nLion King, The (1994)\t220\nBabe (1995)\t219\nTo Kill a Mockingbird (1962)\t219\nVolcano (1997)\t219\nAladdin (1992)\t219\nMurder at 1600 (1997)\t218\nMars Attacks! (1996)\t217\nButch Cassidy and the Sundance Kid (1969)\t216\nPeople vs. Larry Flynt, The (1996)\t215\nSleepless in Seattle (1993)\t213\nField of Dreams (1989)\t212\nStarship Troopers (1997)\t211\nRear Window (1954)\t209\nGet Shorty (1995)\t209\nGodfather: Part II, The (1974)\t209\nBrazil (1985)\t208\nTrue Lies (1994)\t208\nM*A*S*H (1970)\t206\nEraser (1996)\t206\nShining, The (1980)\t206\nBeauty and the Beast (1991)\t202\nBatman (1989)\t201\nBoot, Das (1981)\t201\nYoung Frankenstein (1974)\t200\nStar Trek IV: The Voyage Home (1986)\t199\nCitizen Kane (1941)\t198\nGood Will Hunting (1997)\t198\nFifth Element, The (1997)\t197\nGandhi (1982)\t195\nDr. Strangelove or: How I Learned to Stop Worrying and Love the Bomb (1963)\t194\nFace/Off (1997)\t194\nTin Cup (1996)\t193\nMrs. Doubtfire (1993)\t192\nThis Is Spinal Tap (1984)\t191\nSabrina (1995)\t190\nBoogie Nights (1997)\t189\nDevil's Advocate, The (1997)\t188\nLone Star (1996)\t187\nLong Kiss Goodnight, The (1996)\t185\nMighty Aphrodite (1995)\t184\nUlee's Gold (1997)\t184\nPostino, Il (1994)\t183\nUnforgiven (1992)\t182\nTaxi Driver (1976)\t182\nDave (1993)\t180\nTomorrow Never Dies (1997)\t180\nAnnie Hall (1977)\t180\nFly Away Home (1996)\t180\nNorth by Northwest (1959)\t179\nVertigo (1958)\t179\nClear and Present Danger (1994)\t179\nPrimal Fear (1996)\t178\nMary Poppins (1964)\t178\nEmma (1996)\t177\nMuch Ado About Nothing (1993)\t176\nThat Thing You Do! (1996)\t176\nG.I. Jane (1997)\t175\nCop Land (1997)\t175\nQuiz Show (1994)\t175\nFantasia (1940)\t174\nMonty Python's Life of Brian (1979)\t174\nRumble in the Bronx (1995)\t174\nLawrence of Arabia (1962)\t173\nMy Best Friend's Wedding (1997)\t172\nSnow White and the Seven Dwarfs (1937)\t172\nGone with the Wind (1939)\t172\nCape Fear (1991)\t171\nHeathers (1989)\t171\nBig Night (1996)\t171\nGlory (1989)\t171\nStar Trek III: The Search for Spock (1984)\t171\nFull Metal Jacket (1987)\t170\nGhost (1990)\t170\nGrease (1978)\t170\nClueless (1995)\t170\nIn the Line of Fire (1993)\t169\nMother (1996)\t169\nSleepers (1996)\t169\nPiano, The (1993)\t168\nEveryone Says I Love You (1996)\t168\nDie Hard 2 (1990)\t166\nBridge on the River Kwai, The (1957)\t165\nAmerican President, The (1995)\t164\nCool Hand Luke (1967)\t164\nPretty Woman (1990)\t164\nNutty Professor, The (1996)\t163\nSecrets & Lies (1996)\t162\nWhile You Were Sleeping (1995)\t162\nKingpin (1996)\t162\nGeorge of the Jungle (1997)\t162\nBirds, The (1963)\t162\nStar Trek VI: The Undiscovered Country (1991)\t161\nFirst Wives Club, The (1996)\t160\nApt Pupil (1998)\t160\nGrosse Pointe Blank (1997)\t160\nDragonheart (1996)\t158\nLost World: Jurassic Park, The (1997)\t158\nSwingers (1996)\t157\nRight Stuff, The (1983)\t157\nExecutive Decision (1996)\t157\nBeavis and Butt-head Do America (1996)\t156\nSeven Years in Tibet (1997)\t155\nCrimson Tide (1995)\t154\nHighlander (1986)\t153\nFried Green Tomatoes (1991)\t153\nAfrican Queen, The (1951)\t152\nDie Hard: With a Vengeance (1995)\t151\nFirm, The (1993)\t151\nAbyss, The (1989)\t151\nRemains of the Day, The (1993)\t150\nSneakers (1992)\t150\nHappy Gilmore (1996)\t149\nProfessional, The (1994)\t149\nReservoir Dogs (1992)\t148\nLike Water For Chocolate (Como agua para chocolate) (1992)\t148\nGrumpier Old Men (1995)\t148\nClerks (1994)\t148\nChinatown (1974)\t147\nDonnie Brasco (1997)\t147\nRiver Wild, The (1994)\t146\nRainmaker, The (1997)\t145\nJackie Chan's First Strike (1996)\t145\nSpawn (1997)\t143\nNightmare Before Christmas, The (1993)\t143\nKiss the Girls (1997)\t143\nBatman Returns (1992)\t142\nSearching for Bobby Fischer (1993)\t138\nMaltese Falcon, The (1941)\t138\nPhiladelphia (1993)\t137\nWag the Dog (1997)\t137\nCon Air (1997)\t137\nGood, The Bad and The Ugly, The (1966)\t137\nSingin' in the Rain (1952)\t137\nInterview with the Vampire (1994)\t137\nHome Alone (1990)\t137\nSling Blade (1996)\t136\nGattaca (1997)\t136\nPatton (1970)\t136\nPeacemaker, The (1997)\t136\nRoom with a View, A (1986)\t134\nCrow, The (1994)\t134\nMultiplicity (1996)\t134\nEd Wood (1994)\t133\nJungle2Jungle (1997)\t132\nGoldenEye (1995)\t131\nManchurian Candidate, The (1962)\t131\nAustin Powers: International Man of Mystery (1997)\t130\nMystery Science Theater 3000: The Movie (1996)\t130\nCinderella (1950)\t129\nMask, The (1994)\t129\nShine (1996)\t129\nBound (1996)\t129\nNatural Born Killers (1994)\t128\nMaverick (1994)\t128\nLast of the Mohicans, The (1992)\t128\nCrash (1996)\t128\nGhost and the Darkness, The (1996)\t128\nSome Like It Hot (1959)\t128\nFather of the Bride Part II (1995)\t128\nStargate (1994)\t127\nAbsolute Power (1997)\t127\nHunchback of Notre Dame, The (1996)\t127\nEvent Horizon (1997)\t127\nNikita (La Femme Nikita) (1990)\t127\nPlatoon (1986)\t127\nJames and the Giant Peach (1996)\t126\nJackie Brown (1997)\t126\n12 Angry Men (1957)\t125\nMy Fair Lady (1964)\t125\nLost Highway (1997)\t125\nCold Comfort Farm (1995)\t125\nHenry V (1989)\t124\nBen-Hur (1959)\t124\nAmistad (1997)\t124\nAlien: Resurrection (1997)\t124\nUnder Siege (1992)\t124\nGreat Escape, The (1963)\t124\nDumbo (1941)\t123\nBonnie and Clyde (1967)\t122\nMy Left Foot (1989)\t121\nCarrie (1976)\t121\nCinema Paradiso (1988)\t121\nHarold and Maude (1971)\t121\nMagnificent Seven, The (1954)\t121\nKilling Fields, The (1984)\t121\nBram Stoker's Dracula (1992)\t120\nDeer Hunter, The (1978)\t120\nNet, The (1995)\t120\nMichael (1996)\t119\nReal Genius (1985)\t119\nCrying Game, The (1992)\t119\nWrong Trousers, The (1993)\t118\nStar Trek: The Motion Picture (1979)\t117\nKolya (1996)\t117\nHoop Dreams (1994)\t117\nBeing There (1979)\t116\nArmy of Darkness (1993)\t116\nRaging Bull (1980)\t116\nStar Trek: Generations (1994)\t116\nBeautiful Girls (1996)\t115\nArsenic and Old Lace (1944)\t115\nWhat's Eating Gilbert Grape (1993)\t115\nFrighteners, The (1996)\t115\nBatman Forever (1995)\t114\nRosewood (1997)\t114\nPink Floyd - The Wall (1982)\t114\nEdge, The (1997)\t113\nOne Fine Day (1996)\t112\nWelcome to the Dollhouse (1995)\t112\nClose Shave, A (1995)\t112\nAs Good As It Gets (1997)\t112\nNightmare on Elm Street, A (1984)\t111\nAdventures of Priscilla, Queen of the Desert, The (1994)\t111\nHudsucker Proxy, The (1994)\t110\n101 Dalmatians (1996)\t109\nIce Storm, The (1997)\t108\nTombstone (1993)\t108\nConan the Barbarian (1981)\t107\nScream 2 (1997)\t106\nOn Golden Pond (1981)\t106\nCable Guy, The (1996)\t106\nWilliam Shakespeare's Romeo and Juliet (1996)\t106\nMr. Smith Goes to Washington (1939)\t105\nTrue Romance (1993)\t104\nOutbreak (1995)\t104\nPhiladelphia Story, The (1940)\t104\nCraft, The (1996)\t104\nStrictly Ballroom (1992)\t104\nAce Ventura: Pet Detective (1994)\t103\nWaterworld (1995)\t102\nLittle Women (1994)\t102\nBenny & Joon (1993)\t102\nIn the Name of the Father (1993)\t102\nSex, Lies, and Videotape (1989)\t101\nBasic Instinct (1992)\t101\nPinocchio (1940)\t101\nDown Periscope (1996)\t101\nYoung Guns (1988)\t101\nMimic (1997)\t101\nMiracle on 34th Street (1994)\t101\nAlien 3 (1992)\t100\nPrivate Parts (1997)\t100\nI Know What You Did Last Summer (1997)\t100\nMuriel's Wedding (1994)\t100\nAmerican Werewolf in London, An (1981)\t99\nDirty Dancing (1987)\t98\nStreetcar Named Desire, A (1951)\t98\nRomy and Michele's High School Reunion (1997)\t98\nDesperado (1995)\t97\nSpitfire Grill, The (1996)\t97\nDay the Earth Stood Still, The (1951)\t97\nClient, The (1994)\t97\nCity of Lost Children, The (1995)\t96\nMrs. Brown (Her Majesty, Mrs. Brown) (1997)\t96\nFierce Creatures (1997)\t96\nJumanji (1995)\t96\nBreakfast at Tiffany's (1961)\t95\nSo I Married an Axe Murderer (1993)\t95\nMatilda (1996)\t95\nSpace Jam (1996)\t93\nDuck Soup (1933)\t93\nMy Life as a Dog (Mitt liv som hund) (1985)\t93\nCliffhanger (1993)\t93\n2 Days in the Valley (1996)\t93\nVery Brady Sequel, A (1996)\t93\nUnbearable Lightness of Being, The (1988)\t92\nDemolition Man (1993)\t92\nReturn of the Pink Panther, The (1974)\t92\nMichael Collins (1996)\t92\nRob Roy (1995)\t92\nMoney Talks (1997)\t92\nFrom Dusk Till Dawn (1996)\t92\nEscape from New York (1981)\t91\nMadness of King George, The (1994)\t91\nCasino (1995)\t91\nEscape from L.A. (1996)\t91\nBean (1997)\t91\nManhattan (1979)\t91\nRebel Without a Cause (1955)\t90\nNixon (1995)\t90\nFour Rooms (1995)\t90\nHamlet (1996)\t90\nRosencrantz and Guildenstern Are Dead (1990)\t90\nThree Musketeers, The (1993)\t89\nMiller's Crossing (1990)\t89\nGrifters, The (1990)\t89\nRichard III (1995)\t89\nEvil Dead II (1987)\t89\nHigh Noon (1952)\t88\nStrange Days (1995)\t87\nJackal, The (1997)\t87\nAddams Family Values (1993)\t87\nTo Die For (1995)\t87\nCopycat (1995)\t86\nBullets Over Broadway (1994)\t86\nFirst Knight (1995)\t86\nMy Fellow Americans (1996)\t86\nCape Fear (1962)\t86\nBeautician and the Beast, The (1997)\t86\nUp Close and Personal (1996)\t85\nOmen, The (1976)\t85\nWhite Squall (1996)\t85\nBob Roberts (1992)\t85\nJungle Book, The (1994)\t85\nMuppet Treasure Island (1996)\t84\nFrench Kiss (1995)\t84\nThree Colors: Red (1994)\t83\nArrival, The (1996)\t83\nMulholland Falls (1996)\t82\nCook the Thief His Wife & Her Lover, The (1989)\t82\nJuror, The (1996)\t82\nSleeper (1973)\t82\nSomewhere in Time (1980)\t82\nSword in the Stone, The (1963)\t82\nSanta Clause, The (1994)\t82\nCrumb (1994)\t81\nLegends of the Fall (1994)\t81\nIt Happened One Night (1934)\t81\nNell (1994)\t81\nAlice in Wonderland (1951)\t81\nI.Q. (1994)\t81\nPicture Perfect (1997)\t81\nChain Reaction (1996)\t80\nEat Drink Man Woman (1994)\t80\nTreasure of the Sierra Madre, The (1948)\t80\nMidnight in the Garden of Good and Evil (1997)\t80\nMan Who Would Be King, The (1975)\t80\nPhantom, The (1996)\t80\nBetter Off Dead... (1985)\t79\nCity Hall (1996)\t79\nSecret Garden, The (1993)\t79\nPump Up the Volume (1990)\t79\nDolores Claiborne (1994)\t79\nShadowlands (1993)\t78\nMarvin's Room (1996)\t78\nCrucible, The (1996)\t77\nVictor/Victoria (1982)\t77\nBreakdown (1997)\t77\nReality Bites (1994)\t77\nBrady Bunch Movie, The (1995)\t76\nDon Juan DeMarco (1995)\t76\nCircle of Friends (1995)\t76\nWings of the Dove, The (1997)\t75\nVegas Vacation (1997)\t75\nRobin Hood: Prince of Thieves (1991)\t75\nWinnie the Pooh and the Blustery Day (1968)\t75\nSgt. Bilko (1996)\t74\nSix Degrees of Separation (1993)\t74\nSmoke (1995)\t74\nBreaking the Waves (1996)\t74\nBrothers McMullen, The (1995)\t73\nHeavy Metal (1981)\t73\nParent Trap, The (1961)\t73\nBig Sleep, The (1946)\t73\nHoodlum (1997)\t73\nShe's the One (1996)\t73\nThird Man, The (1949)\t72\nOthello (1995)\t72\n20,000 Leagues Under the Sea (1954)\t72\nAngels and Insects (1995)\t72\nWedding Singer, The (1998)\t72\nSeventh Seal, The (Sjunde inseglet, Det) (1957)\t72\nDesperate Measures (1998)\t72\nDiabolique (1996)\t71\nThings to Do in Denver when You're Dead (1995)\t71\nSecret of Roan Inish, The (1994)\t71\nRestoration (1995)\t71\nHow to Make an American Quilt (1995)\t71\nJack (1996)\t70\nEnchanted April (1991)\t70\nRan (1985)\t70\nHeavenly Creatures (1994)\t70\nDumb & Dumber (1994)\t69\nBody Snatchers (1993)\t69\nGlengarry Glen Ross (1992)\t69\nAntonia's Line (1995)\t69\nKull the Conqueror (1997)\t69\nMcHale's Navy (1997)\t69\nChristmas Carol, A (1938)\t69\nNaked Gun 33 1/3: The Final Insult (1994)\t69\nHot Shots! Part Deux (1993)\t68\nDial M for Murder (1954)\t68\nBringing Up Baby (1938)\t68\nRoman Holiday (1953)\t68\nMan Without a Face, The (1993)\t68\nPreacher's Wife, The (1996)\t68\nCool Runnings (1993)\t68\nWolf (1994)\t67\nQuiet Man, The (1952)\t67\nStriptease (1996)\t67\nForbidden Planet (1956)\t67\nPrivate Benjamin (1980)\t67\nAdventures of Robin Hood, The (1938)\t67\nWallace & Gromit: The Best of Aardman Animation (1996)\t67\nBridges of Madison County, The (1995)\t67\nShort Cuts (1993)\t67\nAll About Eve (1950)\t66\nRebecca (1940)\t66\nHercules (1997)\t66\nGrand Day Out, A (1992)\t66\nTommy Boy (1995)\t66\nCyrano de Bergerac (1990)\t66\nMirror Has Two Faces, The (1996)\t66\nJaws 2 (1978)\t66\nIn the Company of Men (1997)\t66\nDiva (1981)\t66\nAnastasia (1997)\t66\nShallow Grave (1994)\t66\nDelicatessen (1991)\t65\nSunset Blvd. (1950)\t65\nAge of Innocence, The (1993)\t65\nDeconstructing Harry (1997)\t65\nCandyman (1992)\t65\nKids in the Hall: Brain Candy (1996)\t65\nLawnmower Man, The (1992)\t65\nSupercop (1992)\t65\nDazed and Confused (1993)\t64\nThree Colors: Blue (1993)\t64\nFan, The (1996)\t64\nExtreme Measures (1996)\t64\nRudy (1993)\t64\nU Turn (1997)\t64\nEve's Bayou (1997)\t64\nNight of the Living Dead (1968)\t64\nSabrina (1954)\t64\nStealing Beauty (1996)\t64\nOld Yeller (1957)\t64\nJean de Florette (1986)\t64\nStar Trek V: The Final Frontier (1989)\t63\nLocal Hero (1983)\t63\nWalk in the Clouds, A (1995)\t63\nApartment, The (1960)\t63\nImmortal Beloved (1994)\t63\nJane Eyre (1996)\t63\nForget Paris (1995)\t62\nBatman & Robin (1997)\t62\nCat on a Hot Tin Roof (1958)\t62\nMy Favorite Year (1982)\t62\nFox and the Hound, The (1981)\t61\nHomeward Bound: The Incredible Journey (1993)\t61\nBed of Roses (1996)\t60\nMurder in the First (1995)\t60\nWeekend at Bernie's (1989)\t60\nThin Man, The (1934)\t60\nFather of the Bride (1950)\t60\nSome Kind of Wonderful (1987)\t59\nThree Colors: White (1994)\t59\nAround the World in 80 Days (1956)\t59\nLast Action Hero (1993)\t59\nMary Shelley's Frankenstein (1994)\t59\nSoul Food (1997)\t59\nSirens (1994)\t59\nKalifornia (1993)\t59\n39 Steps, The (1935)\t59\nEast of Eden (1955)\t59\nNine Months (1995)\t58\nRaise the Red Lantern (1991)\t58\nHome for the Holidays (1995)\t58\nManon of the Spring (Manon des sources) (1986)\t58\nLast Supper, The (1995)\t58\nPostman, The (1997)\t58\nRef, The (1994)\t58\nSophie's Choice (1982)\t58\nDaylight (1996)\t57\nRed Corner (1997)\t57\nBad Boys (1995)\t57\nIsland of Dr. Moreau, The (1996)\t57\nTo Wong Foo, Thanks for Everything! Julie Newmar (1995)\t57\nDevil in a Blue Dress (1995)\t57\nBedknobs and Broomsticks (1971)\t57\nBananas (1971)\t57\nWings of Desire (1987)\t57\nRobin Hood: Men in Tights (1993)\t56\nHis Girl Friday (1940)\t56\nCelluloid Closet, The (1995)\t56\nBlack Sheep (1996)\t55\nApostle, The (1997)\t55\nLooking for Richard (1996)\t55\nTales from the Crypt Presents: Bordello of Blood (1996)\t55\nAddicted to Love (1997)\t54\nNosferatu (Nosferatu, eine Symphonie des Grauens) (1922)\t54\nCarlito's Way (1993)\t54\nAristocats, The (1970)\t54\nSerial Mom (1994)\t54\nMallrats (1995)\t54\nLife Less Ordinary, A (1997)\t53\nLast Man Standing (1996)\t53\nDays of Thunder (1990)\t53\nAmityville Horror, The (1979)\t53\nKoyaanisqatsi (1983)\t53\nFlubber (1997)\t53\nBarcelona (1994)\t53\nShe's So Lovely (1997)\t53\nRed Rock West (1992)\t52\nNotorious (1946)\t52\nCasper (1995)\t52\nExcess Baggage (1997)\t52\nMan Who Knew Too Little, The (1997)\t52\nMatchMaker, The (1997)\t51\nPocahontas (1995)\t51\nTin Men (1987)\t51\nGiant (1956)\t51\nTo Catch a Thief (1955)\t50\nLove Bug, The (1969)\t50\nPerfect World, A (1993)\t50\nWyatt Earp (1994)\t50\nMenace II Society (1993)\t50\nAmerican in Paris, An (1951)\t50\nAkira (1988)\t50\nOnce Upon a Time in America (1984)\t50\nTrees Lounge (1996)\t50\nKids (1995)\t49\nGreat White Hype, The (1996)\t49\nBulletproof (1996)\t49\nMortal Kombat (1995)\t49\nSubstitute, The (1996)\t49\nThinner (1996)\t49\nRocket Man (1997)\t49\nBefore Sunrise (1995)\t49\nQuick and the Dead, The (1995)\t48\nBooty Call (1997)\t48\nUnder Siege 2: Dark Territory (1995)\t48\nGlimmer Man, The (1996)\t48\nSmilla's Sense of Snow (1997)\t48\nPowder (1995)\t48\nCat People (1982)\t48\nBronx Tale, A (1993)\t48\nBeverly Hills Ninja (1997)\t48\nDangerous Minds (1995)\t47\nMad City (1997)\t47\nUp in Smoke (1978)\t47\nSudden Death (1995)\t47\nWaiting for Guffman (1996)\t47\nSwimming with Sharks (1995)\t47\nIt Could Happen to You (1994)\t46\nMalice (1993)\t46\nShall We Dance? (1996)\t46\nBride of Frankenstein (1935)\t46\nScreamers (1995)\t46\nParis, Texas (1984)\t46\nNobody's Fool (1994)\t46\nDoors, The (1991)\t46\nWith Honors (1994)\t46\nFarewell My Concubine (1993)\t46\nGreat Dictator, The (1940)\t46\nBlob, The (1958)\t46\nShadow, The (1994)\t45\nCitizen Ruth (1996)\t45\nWhat's Love Got to Do with It (1993)\t45\nBlue in the Face (1995)\t45\nFamily Thing, A (1996)\t45\nJunior (1994)\t45\nSpecies (1995)\t45\nJoe's Apartment (1996)\t45\nFire Down Below (1997)\t44\nCity Slickers II: The Legend of Curly's Gold (1994)\t44\nPersuasion (1995)\t44\nBottle Rocket (1996)\t44\nReturn of Martin Guerre, The (Retour de Martin Guerre, Le) (1982)\t44\nBasquiat (1996)\t44\nRidicule (1996)\t44\nM (1931)\t44\nLeave It to Beaver (1997)\t44\nMouse Hunt (1997)\t44\nYoung Guns II (1990)\t44\nShadow Conspiracy (1997)\t44\nWhen We Were Kings (1996)\t44\nTo Gillian on Her 37th Birthday (1996)\t44\nFear (1996)\t44\nSweet Hereafter, The (1997)\t44\nNick of Time (1995)\t44\nMoney Train (1995)\t43\nAir Bud (1997)\t43\nPlaying God (1997)\t43\nPete's Dragon (1977)\t43\nMortal Kombat: Annihilation (1997)\t43\nSpy Hard (1996)\t43\nGhost and Mrs. Muir, The (1947)\t43\nRising Sun (1993)\t43\nRenaissance Man (1994)\t43\nChamber, The (1996)\t43\nTales From the Crypt Presents: Demon Knight (1995)\t43\nWild Bunch, The (1969)\t43\nFreeway (1996)\t42\nKundun (1997)\t42\nCongo (1995)\t42\nBig Lebowski, The (1998)\t42\nMoll Flanders (1996)\t42\nLove Jones (1997)\t42\nFlirting With Disaster (1996)\t42\nFallen (1998)\t41\nSphere (1998)\t41\nThat Darn Cat! (1997)\t41\nGigi (1958)\t41\nSome Folks Call It a Sling Blade (1993)\t41\nConeheads (1993)\t41\nTank Girl (1995)\t41\nAssociate, The (1996)\t41\n187 (1997)\t41\nYoung Poisoner's Handbook, The (1995)\t41\nJohnny Mnemonic (1995)\t41\nLittle Princess, A (1995)\t41\nKilling Zoe (1994)\t40\nFirst Kid (1996)\t40\nHarriet the Spy (1996)\t40\nBasketball Diaries, The (1995)\t40\nPriest (1994)\t40\nTin Drum, The (Blechtrommel, Die) (1979)\t40\nEddie (1996)\t40\nLaura (1944)\t40\nHard Target (1993)\t40\nPaper, The (1994)\t40\nCharade (1963)\t40\nDisclosure (1994)\t40\nMary Reilly (1996)\t39\nOnly You (1994)\t39\nAngels in the Outfield (1994)\t39\nWhen a Man Loves a Woman (1994)\t39\nIndian in the Cupboard, The (1995)\t39\nFrench Twist (Gazon maudit) (1995)\t39\nCareer Girls (1997)\t39\nReplacement Killers, The (1998)\t39\nAdventures of Pinocchio, The (1996)\t39\nSwiss Family Robinson (1960)\t39\nSon in Law (1993)\t39\nCrow: City of Angels, The (1996)\t39\nJudge Dredd (1995)\t39\nCandidate, The (1972)\t39\nAssassins (1995)\t39\nCorrina, Corrina (1994)\t39\nSpeed 2: Cruise Control (1997)\t38\nVirtuosity (1995)\t38\nOnce Upon a Time in the West (1969)\t38\nAnaconda (1997)\t38\nHowling, The (1981)\t38\n8 1/2 (1963)\t38\nGet on the Bus (1996)\t38\nI Shot Andy Warhol (1996)\t37\nThousand Acres, A (1997)\t37\nAce Ventura: When Nature Calls (1995)\t37\nBilly Madison (1995)\t37\nMilk Money (1994)\t37\nBelle de jour (1967)\t37\nRomeo Is Bleeding (1993)\t37\nSliver (1993)\t37\nMetro (1997)\t36\nNight on Earth (1991)\t36\nSpeechless (1994)\t36\nWes Craven's New Nightmare (1994)\t35\nDown by Law (1986)\t35\nThin Blue Line, The (1988)\t35\nGaslight (1944)\t35\nTrigger Effect, The (1996)\t35\nDon't Be a Menace to South Central While Drinking Your Juice in the Hood (1996)\t35\nTerminal Velocity (1994)\t34\nBoys on the Side (1995)\t34\nWashington Square (1997)\t34\nLost Horizon (1937)\t34\nUnforgettable (1996)\t34\nTouch of Evil (1958)\t34\nOrlando (1993)\t34\nFled (1996)\t34\nMediterraneo (1991)\t34\nJeffrey (1995)\t34\nDead Man (1995)\t34\nPaths of Glory (1957)\t33\nFree Willy (1993)\t33\nAnna Karenina (1997)\t33\nClockers (1995)\t33\nHackers (1995)\t33\nProphecy, The (1995)\t32\nNight Falls on Manhattan (1997)\t32\nTie Me Up! Tie Me Down! (1990)\t32\nBoomerang (1992)\t32\nTransformers: The Movie, The (1986)\t32\nBrassed Off (1996)\t32\nEnglishman Who Went Up a Hill, But Came Down a Mountain, The (1995)\t32\nFast, Cheap & Out of Control (1997)\t32\nFeeling Minnesota (1996)\t32\nCats Don't Dance (1997)\t32\nAirheads (1994)\t32\nEye for an Eye (1996)\t32\nOld Man and the Sea, The (1958)\t32\nHomeward Bound II: Lost in San Francisco (1996)\t32\nDie xue shuang xiong (Killer, The) (1989)\t31\nMeet Me in St. Louis (1944)\t31\nKiss Me, Guido (1997)\t31\nHard Rain (1998)\t31\nOnce Were Warriors (1994)\t31\nFlintstones, The (1994)\t31\nGreat Race, The (1965)\t31\nFathers' Day (1997)\t31\nBio-Dome (1996)\t31\nTimecop (1994)\t31\nDrop Zone (1994)\t31\nProgram, The (1993)\t31\nOperation Dumbo Drop (1995)\t31\nThreesome (1994)\t31\nEscape to Witch Mountain (1975)\t30\nMy Own Private Idaho (1991)\t30\nShaggy Dog, The (1959)\t30\nSpellbound (1945)\t30\nBarb Wire (1996)\t30\nFairyTale: A True Story (1997)\t30\nGeorgia (1995)\t30\nHigher Learning (1995)\t30\nTwelfth Night (1996)\t29\nBlown Away (1994)\t29\nEvening Star, The (1996)\t29\nStephen King's The Langoliers (1995)\t29\nCanadian Bacon (1994)\t29\nBeautiful Thing (1996)\t29\nHigh School High (1996)\t29\nGhosts of Mississippi (1996)\t29\nIf Lucy Fell (1996)\t29\nDeceiver (1997)\t29\nOnce Upon a Time... When We Were Colored (1995)\t28\nPassion Fish (1992)\t28\nAnother Stakeout (1993)\t28\nBeverly Hills Cop III (1994)\t28\nBlues Brothers 2000 (1998)\t28\nJust Cause (1995)\t28\nCrossing Guard, The (1995)\t28\nDeath and the Maiden (1994)\t28\nIn Love and War (1996)\t28\nChungking Express (1994)\t28\nBarbarella (1968)\t28\nSpanking the Monkey (1994)\t27\nPollyanna (1960)\t27\nGreat Expectations (1998)\t27\nWishmaster (1997)\t27\nMade in America (1993)\t27\nFree Willy 3: The Rescue (1997)\t27\nHeaven's Prisoners (1996)\t27\nVanya on 42nd Street (1994)\t27\nExotica (1994)\t27\nBlack Beauty (1994)\t27\nMy Man Godfrey (1936)\t27\nManhattan Murder Mystery (1993)\t27\nLiving in Oblivion (1995)\t27\nTales from the Hood (1995)\t27\nQuest, The (1996)\t27\nParis Is Burning (1990)\t27\nPillow Book, The (1995)\t26\nSuper Mario Bros. (1993)\t26\nSpice World (1997)\t26\nNinotchka (1939)\t26\nBefore and After (1996)\t26\nAffair to Remember, An (1957)\t26\nIn the Mouth of Madness (1995)\t26\nWalkabout (1971)\t26\nLove! Valour! Compassion! (1997)\t26\nSomething to Talk About (1995)\t26\nShanghai Triad (Yao a yao yao dao waipo qiao) (1995)\t26\nAladdin and the King of Thieves (1996)\t26\nGhost in the Shell (Kokaku kidotai) (1995)\t26\nFriday (1995)\t26\nMeet John Doe (1941)\t25\nKeys to Tulsa (1997)\t25\nNaked (1993)\t25\nApple Dumpling Gang, The (1975)\t25\nHalloween: The Curse of Michael Myers (1995)\t25\nHouse Arrest (1996)\t25\nRelic, The (1997)\t25\nDracula: Dead and Loving It (1995)\t25\nPortrait of a Lady, The (1996)\t25\nGirl 6 (1996)\t25\nJudgment Night (1993)\t25\nSmile Like Yours, A (1997)\t25\nFearless (1993)\t25\nTwo if by Sea (1996)\t25\nDrop Dead Fred (1991)\t24\nLord of Illusions (1995)\t24\nQueen Margot (Reine Margot, La) (1994)\t24\nCry, the Beloved Country (1995)\t24\nMicrocosmos: Le peuple de l'herbe (1996)\t24\nBurnt By the Sun (1994)\t24\nGrease 2 (1982)\t24\nNow and Then (1995)\t24\nFools Rush In (1997)\t24\nHouse of the Spirits, The (1993)\t24\nGarden of Finzi-Contini, The (Giardino dei Finzi-Contini, Il) (1970)\t24\nHouseguest (1994)\t24\nShowgirls (1995)\t23\nRuby in Paradise (1993)\t23\nFog, The (1980)\t23\nInventing the Abbotts (1997)\t23\nTrial and Error (1997)\t23\nUntil the End of the World (Bis ans Ende der Welt) (1991)\t23\nJude (1996)\t23\nTurbulence (1997)\t23\nCemetery Man (Dellamorte Dellamore) (1994)\t23\nKansas City (1996)\t23\nMr. Wrong (1996)\t23\nLive Nude Girls (1995)\t23\nOliver & Company (1988)\t22\nMarked for Death (1990)\t22\nUnstrung Heroes (1995)\t22\nMother Night (1996)\t22\nDouble vie de V�ronique, La (Double Life of Veronique, The) (1991)\t22\nMrs. Winterbourne (1996)\t22\nVillage of the Damned (1995)\t22\nKama Sutra: A Tale of Love (1996)\t22\nThree Caballeros, The (1945)\t22\nBody Snatcher, The (1945)\t22\nBlood & Wine (1997)\t22\nBogus (1996)\t22\nPallbearer, The (1996)\t22\nLittle Buddha (1993)\t22\nWelcome To Sarajevo (1997)\t22\nMrs. Parker and the Vicious Circle (1994)\t22\nKid in King Arthur's Court, A (1995)\t22\nTop Hat (1935)\t21\nFuneral, The (1996)\t21\nIt's My Party (1995)\t21\nHow to Be a Player (1997)\t21\nRichie Rich (1994)\t21\nAnne Frank Remembered (1995)\t21\nFunny Face (1957)\t21\nUmbrellas of Cherbourg, The (Parapluies de Cherbourg, Les) (1964)\t21\nMy Family (1995)\t21\nMis�rables, Les (1995)\t21\nLawnmower Man 2: Beyond Cyberspace (1996)\t21\nOscar & Lucinda (1997)\t21\nCandyman: Farewell to the Flesh (1995)\t21\nHalf Baked (1998)\t20\nGoofy Movie, A (1995)\t20\nProphecy II, The (1998)\t20\nMa vie en rose (My Life in Pink) (1997)\t20\nSpecialist, The (1994)\t20\nMaximum Risk (1996)\t20\nKiss of Death (1995)\t20\nFlipper (1996)\t20\nParadise Lost: The Child Murders at Robin Hood Hills (1996)\t20\nIndian Summer (1996)\t20\nBeverly Hillbillies, The (1993)\t20\nFor Whom the Bell Tolls (1943)\t20\nSurviving Picasso (1996)\t19\nWidows' Peak (1994)\t19\nHome Alone 3 (1997)\t19\nMajor Payne (1994)\t19\nAmos & Andrew (1993)\t19\nBackbeat (1993)\t19\nSet It Off (1996)\t19\nBlink (1994)\t19\nGridlock'd (1997)\t19\nFatal Instinct (1993)\t19\nCowboy Way, The (1994)\t19\nStar Maps (1997)\t19\nTrust (1990)\t19\nChildren of the Corn: The Gathering (1996)\t19\nOut to Sea (1997)\t19\nD3: The Mighty Ducks (1996)\t19\nSteel (1997)\t19\nThat Darn Cat! (1965)\t19\nFirestorm (1998)\t18\nDead Presidents (1995)\t18\nBeyond Rangoon (1995)\t18\nM. Butterfly (1993)\t18\nJingle All the Way (1996)\t18\nTo Be or Not to Be (1942)\t18\nHouse of Yes, The (1997)\t18\nInspector General, The (1949)\t18\nIn the Army Now (1994)\t18\nCutthroat Island (1995)\t18\nAndre (1994)\t18\nThirty-Two Short Films About Glenn Gould (1993)\t18\nLost in Space (1998)\t18\nBlue Angel, The (Blaue Engel, Der) (1930)\t18\nHellraiser: Bloodline (1996)\t18\nAssignment, The (1997)\t18\nLittle Rascals, The (1994)\t18\nAfterglow (1997)\t18\nGetaway, The (1994)\t18\nAmateur (1994)\t18\nHate (Haine, La) (1995)\t18\nPicnic (1955)\t18\nReady to Wear (Pret-A-Porter) (1994)\t18\nRobert A. Heinlein's The Puppet Masters (1994)\t18\nJade (1995)\t17\nFarinelli: il castrato (1994)\t17\nI'm Not Rappaport (1996)\t17\nShall We Dance? (1937)\t17\nMadonna: Truth or Dare (1991)\t17\nMute Witness (1994)\t17\nStupids, The (1996)\t17\nRoad to Wellville, The (1994)\t17\nBig Blue, The (Grand bleu, Le) (1988)\t17\nSwitchback (1997)\t17\nGang Related (1997)\t16\nWaiting to Exhale (1995)\t16\nDark City (1998)\t16\nStuart Saves His Family (1995)\t16\nIn the Bleak Midwinter (1995)\t16\nWhen the Cats Away (Chacun cherche son chat) (1996)\t16\nCabin Boy (1994)\t16\nAir Up There, The (1994)\t16\nBelievers, The (1987)\t16\nBalto (1995)\t16\nHighlander III: The Sorcerer (1994)\t16\nBastard Out of Carolina (1996)\t16\nParty Girl (1995)\t16\nRuling Class, The (1972)\t16\nSelena (1997)\t16\nLittle Big League (1994)\t16\nExit to Eden (1994)\t16\n"},{"type":"HTML","data":"<div class=\"result-alert alert-warning\" role=\"alert\"><button type=\"button\" class=\"close\" data-dismiss=\"alert\" aria-label=\"Close\"><span aria-hidden=\"true\">&times;</span></button><strong>Output is truncated</strong> to 1000 rows. Learn more about <strong>zeppelin.spark.maxResult</strong></div>"}]}},{"text":"%sql\n","user":"anonymous","dateUpdated":"2018-05-08T11:24:10+0000","config":{"colWidth":12,"enabled":true,"results":{},"editorSetting":{"language":"scala"},"editorMode":"ace/mode/scala"},"settings":{"params":{},"forms":{}},"apps":[],"jobName":"paragraph_1525778650242_953144561","id":"20180508-112410_1552712976","dateCreated":"2018-05-08T11:24:10+0000","status":"READY","progressUpdateIntervalMs":500,"focus":true,"$$hashKey":"object:1374"}],"name":"Playing with MovieLens","id":"2DEACRQRC","angularObjects":{"2DD83HKPX:shared_process":[],"2DC9K3Y9N:shared_process":[],"2DDDHPERE:shared_process":[],"2DEGM25KN:shared_process":[],"2DCHA8E4F:shared_process":[],"2DFCM77JW:shared_process":[]},"config":{"looknfeel":"default","personalizedMode":"false"},"info":{}}